{
  "logistic_regression": 0.21262085179271709,
  "random_forest": 0.3933333333333333,
  "mlp": 0.43988152986415346
}